"SpecPath","ModelAliases","MatchedThumbnailCount","MatchedThumbnails"
"CSP\CSP-3000-spec.pdf","CSP-3000","3","CSP-3000.jpg; CSP-3000-120.jpg; CSP-3000-400.jpg"
"DBU\DBU-3200-spec.pdf","DBU-3200","1","DBU-3200-48.jpg"
"DDR\DDR-120-SPEC.pdf","DDR-120","4","DDR-120C.jpg; DDR-120C-24.jpg; DDR-120C-48.jpg; DDR-120D-24.jpg"
"DDR\DDR-15-spec.pdf","DDR-15","8","DDR-15.jpg; DDR-15G-12.jpg; DDR-15G-15.jpg; DDR-15G-24.jpg; DDR-15G-5.jpg; DDR-15L-12.jpg; DDR-15L-24.jpg; DDR-15L-5.jpg"
"DDR\DDR-240-spec.pdf","DDR-240","3","DDR-240B.jpg; DDR-240B-24.jpg; DDR-240C-24.jpg"
"DDR\DDR-30-spec.pdf","DDR-30","7","DDR-30.jpg; DDR-30G.jpg; DDR-30G-12.jpg; DDR-30G-24.jpg; DDR-30G-5.jpg; DDR-30L-12.jpg; DDR-30L-5.jpg"
"DDR\DDR-480-spec.pdf","DDR-480","4","DDR-480B.jpg; DDR-480B-24.jpg; DDR-480C-12.jpg; DDR-480C-24.jpg"
"DDR\DDR-60-spec.pdf","DDR-60","5","DDR-60.jpg; DDR-60G-12.jpg; DDR-60G-24.jpg; DDR-60G-5.jpg; DDR-60L-5.jpg"
"DRA\DRA-60-SPEC.pdf","DRA-60","2","DRA-60.jpg; DRA-60-24.jpg"
"DRDN\DRDN20-spec.pdf","DRDN20","2","DRDN20-24.jpg; DRDN20-24_1.jpg"
"DRDN\DRDN40-spec.pdf","DRDN40","2","DRDN40-12.jpg; DRDN40-24.jpg"
"DRS\DRS-240-spec.pdf","DRS-240","0",""
"DRS\DRS-480-spec.pdf","DRS-480","0",""
"DUPS\DUPS20-spec.pdf","DUPS20","2","DUPS20.jpg; DUPS20_1.jpg"
"EDR\EDR-120-SPEC.pdf","EDR-120","2","EDR-120.jpg; EDR-120-24.jpg"
"EDR\EDR-150-SPEC.pdf","EDR-150","2","EDR-150.jpg; EDR-150-24.jpg"
"EDR\EDR-75-SPEC.pdf","EDR-75","4","EDR-75.jpg; EDR-75-12.jpg; EDR-75-24.jpg; EDR-75-48.jpg"
"ELG\ELG-100-SPEC.pdf","ELG-100","0",""
"ELG\ELG-150-SPEC.pdf","ELG-150","3","ELG-150.jpg; ELG-150-12A.jpg; ELG-150-12A-3Y.jpg"
"ELG\ELG-200-SPEC.pdf","ELG-200","2","ELG-200.jpg; ELG-200-12A.jpg"
"ELG\ELG-240-SPEC.pdf","ELG-240","2","ELG-240.jpg; ELG-240-24A-3Y.jpg"
"ELG\ELG-300-spec.pdf","ELG-300","4","ELG-300.jpg; ELG-300-12A.jpg; ELG-300-24A.jpg; ELG-300-24A-3Y.jpg"
"ELG\ELG-75-SPEC.pdf","ELG-75","2","ELG-75.jpg; ELG-75-12A.jpg"
"ELP\ELP-75-SPEC.pdf","ELP-75","0",""
"EPP\EPP-100-SPEC.pdf","EPP-100","0",""
"EPP\EPP-120S-spec.pdf","EPP-120S","0",""
"EPP\EPP-150-SPEC.pdf","EPP-150","0",""
"EPP\EPP-200-SPEC.pdf","EPP-200","0",""
"EPP\EPP-300-SPEC.pdf","EPP-300","3","EPP-300.jpg; EPP-300-12.jpg; EPP-300-24.jpg"
"EPP\EPP-400-SPEC.pdf","EPP-400","0",""
"EPP\EPP-500-spec.pdf","EPP-500","0",""
"EPS\DRS\DRS-240-spec.pdf","DRS-240","0",""
"EPS\DRS\DRS-480-spec.pdf","DRS-480","0",""
"EPS\EDRN\ERDN20-spec.pdf","ERDN20","2","ERDN20.jpg; ERDN20-24.jpg"
"EPS\EDRN\ERDN40-spec.pdf","ERDN40","2","ERDN40.jpg; ERDN40-24.jpg"
"EPS\ELP-75-SPEC.pdf","ELP-75","0",""
"EPS\EPP-100-SPEC.pdf","EPP-100","0",""
"EPS\EPP-120S-spec.pdf","EPP-120S","0",""
"EPS\EPP-150-SPEC.pdf","EPP-150","0",""
"EPS\EPP-200-SPEC.pdf","EPP-200","0",""
"EPS\EPP-300-SPEC.pdf","EPP-300","3","EPP-300.jpg; EPP-300-12.jpg; EPP-300-24.jpg"
"EPS\EPP-400-SPEC.pdf","EPP-400","0",""
"EPS\EPP-500-spec.pdf","EPP-500","0",""
"EPS\EPS\ELP-75-SPEC.pdf","ELP-75","0",""
"EPS\EPS\EPP-100-SPEC.pdf","EPP-100","0",""
"EPS\EPS\EPP-120S-spec.pdf","EPP-120S","0",""
"EPS\EPS\EPP-150-SPEC.pdf","EPP-150","0",""
"EPS\EPS\EPP-200-SPEC.pdf","EPP-200","0",""
"EPS\EPS\EPP-300-SPEC.pdf","EPP-300","3","EPP-300.jpg; EPP-300-12.jpg; EPP-300-24.jpg"
"EPS\EPS\EPP-400-SPEC.pdf","EPP-400","0",""
"EPS\EPS\EPP-500-spec.pdf","EPP-500","0",""
"EPS\EPS\EPS-120-SPEC.pdf","EPS-120","4","EPS-120.jpg; EPS-120-12.jpg; EPS-120-24.jpg; EPS-120-27.jpg"
"EPS\EPS\EPS-15-SPEC.pdf","EPS-15","3","EPS-15.jpg; EPS-15-12.jpg; EPS-15-5.jpg"
"EPS\EPS\EPS-25-SPEC.pdf","EPS-25","0",""
"EPS\EPS\EPS-35-SPEC.pdf","EPS-35","5","EPS-35.jpg; EPS-35-12.jpg; EPS-35-15.jpg; EPS-35-24.jpg; EPS-35-36.jpg"
"EPS\EPS\EPS-45S-SPEC.pdf","EPS-45S","0",""
"EPS\EPS\EPS-65-SPEC.pdf","EPS-65","4","EPS-65.jpg; EPS-65-12.jpg; EPS-65-24.jpg; EPS-65-48.jpg"
"EPS\EPS\EPS-65S-SPEC.pdf","EPS-65S","3","EPS-65S.jpg; EPS-65S-12.jpg; EPS-65S-5.jpg"
"EPS\EPS-120-SPEC.pdf","EPS-120","4","EPS-120.jpg; EPS-120-12.jpg; EPS-120-24.jpg; EPS-120-27.jpg"
"EPS\EPS-15-SPEC.pdf","EPS-15","3","EPS-15.jpg; EPS-15-12.jpg; EPS-15-5.jpg"
"EPS\EPS-25-SPEC.pdf","EPS-25","0",""
"EPS\EPS-35-SPEC.pdf","EPS-35","5","EPS-35.jpg; EPS-35-12.jpg; EPS-35-15.jpg; EPS-35-24.jpg; EPS-35-36.jpg"
"EPS\EPS-45-SPEC.pdf","EPS-45","4","EPS-45.jpg; EPS-45-12.jpg; EPS-45-24.jpg; EPS-45-48.jpg"
"EPS\EPS-45S-SPEC.pdf","EPS-45S","0",""
"EPS\EPS-65-SPEC.pdf","EPS-65","4","EPS-65.jpg; EPS-65-12.jpg; EPS-65-24.jpg; EPS-65-48.jpg"
"EPS\EPS-65S-SPEC.pdf","EPS-65S","3","EPS-65S.jpg; EPS-65S-12.jpg; EPS-65S-5.jpg"
"EPS\HDR\HDR-100-spec.pdf","HDR-100","5","HDR-100.jpg; HDR-100-12.jpg; HDR-100-15.jpg; HDR-100-24.jpg; HDR-100-48.jpg"
"EPS\HDR\HDR-150-spec.pdf","HDR-150","5","HDR-150.jpg; HDR-150-12.jpg; HDR-150-15.jpg; HDR-150-24.jpg; HDR-150-48.jpg"
"EPS\HDR\HDR-15-SPEC.pdf","HDR-15","5","HDR-15.jpg; HDR-15-12.jpg; HDR-15-15.jpg; HDR-15-24.jpg; HDR-15-5.jpg"
"EPS\HDR\HDR-30-SPEC.pdf","HDR-30","6","HDR-30.jpg; HDR-30-12.jpg; HDR-30-15.jpg; HDR-30-24.jpg; HDR-30-48.jpg; HDR-30-5.jpg"
"EPS\HDR\HDR-60-SPEC.pdf","HDR-60","6","HDR-60.jpg; HDR-60-12.jpg; HDR-60-15.jpg; HDR-60-24.jpg; HDR-60-48.jpg; HDR-60-5.jpg"
"EPS\HLG\HLG-100H-SPEC.pdf","HLG-100H","0",""
"EPS\HLG\HLG-120H-SPEC.pdf","HLG-120H","4","HLG-120H.jpg; HLG-120H-12A.jpg; HLG-120H-15A.jpg; HLG-120H-48B.jpg"
"EPS\HLG\HLG-150H-SPEC.pdf","HLG-150H","6","HLG-150H.jpg; HLG-150H-24A.jpg; HLG-150H-30.jpg; HLG-150H-30A.jpg; HLG-150H-36A.jpg; HLG-150H-48B.jpg"
"EPS\HLG\HLG-185H-SPEC.pdf","HLG-185H","6","HLG-185H.jpg; HLG-185H-24.jpg; HLG-185H-24A.jpg; HLG-185H-36.jpg; HLG-185H-36A.jpg; HLG-185H-48B.jpg"
"EPS\HLG\HLG-240H-spec.pdf","HLG-240H","3","HLG-240H.jpg; HLG-240H-24A.jpg; HLG-240H-36A.jpg"
"EPS\HLG\HLG-320H-SPEC.pdf","HLG-320H","2","HLG-320H.jpg; HLG-320H-30A.jpg"
"EPS\HLG\HLG-40H-SPEC.pdf","HLG-40H","2","HLG-40H.jpg; HLG-40H-24.jpg"
"EPS\HLG\HLG-480H-spec.pdf","HLG-480H","0",""
"EPS\HLG\HLG-600H-SPEC.pdf","HLG-600H","4","HLG-600H.jpg; HLG-600H-24A.jpg; HLG-600H-48A.jpg; HLG-600H-54AB.jpg"
"EPS\HLG\HLG-60H-SPEC.pdf","HLG-60H","4","HLG-60H.jpg; HLG-60H-12.jpg; HLG-60H-36.jpg; HLG-60H-36A.jpg"
"EPS\HLG\HLG-80H-SPEC.pdf","HLG-80H","2","HLG-80H.jpg; HLG-80H-12.jpg"
"EPS\IRM\IRM-01-SPEC.pdf","IRM-01","2","IRM-01.jpg; IRM-01-12.jpg"
"EPS\IRM\IRM-02-SPEC.pdf","IRM-02","2","IRM-02.jpg; IRM-02-5.jpg"
"EPS\IRM\IRM-03-SPEC.pdf","IRM-03","4","IRM-03.jpg; IRM-03-12.jpg; IRM-03-15.jpg; IRM-03-5.jpg"
"EPS\IRM\IRM-05-SPEC.pdf","IRM-05","3","IRM-05.jpg; IRM-05-12.jpg; IRM-05-5.jpg"
"EPS\IRM\IRM-10-SPEC.pdf","IRM-10","5","IRM-10.jpg; IRM-10-12.jpg; IRM-10-15.jpg; IRM-10-24.jpg; IRM-10-5.jpg"
"EPS\IRM\IRM-15-SPEC.pdf","IRM-15","2","IRM-15.jpg; IRM-15-12.jpg"
"EPS\IRM\IRM-20-SPEC.pdf","IRM-20","3","IRM-20.jpg; IRM-20-12.jpg; IRM-20-24.jpg"
"EPS\IRM\IRM-30-SPEC.pdf","IRM-30","4","IRM-30.jpg; IRM-30-12.jpg; IRM-30-24.jpg; IRM-30-5.jpg"
"EPS\IRM\IRM-45-SPEC.pdf","IRM-45","2","IRM-45.jpg; IRM-45-12ST.jpg"
"EPS\IRM\IRM-60-SPEC.pdf","IRM-60","3","IRM-60.jpg; IRM-60-12.jpg; IRM-60-24.jpg"
"EPS\IRM\IRM-90-spec.pdf","IRM-90","0",""
"EPS\LOP\LOP-200-spec.pdf","LOP-200","4","LOP-200.jpg; LOP-200-12.jpg; LOP-200-15.jpg; LOP-200-24.jpg"
"EPS\LOP\LOP-300-spec.pdf","LOP-300","4","LOP-300.jpg; LOP-300-12.jpg; LOP-300-24.jpg; LOP-300-48.jpg"
"EPS\LOP\LOP-400-spec.pdf","LOP-400","3","LOP-400.jpg; LOP-400-12.jpg; LOP-400-24.jpg"
"EPS\LOP\LOP-500-spec.pdf","LOP-500","3","LOP-500.jpg; LOP-500-12.jpg; LOP-500-24.jpg"
"EPS\LOP\LOP-600-spec.pdf","LOP-600","3","LOP-600.jpg; LOP-600-24.jpg; LOP-600-48.jpg"
"EPS\LRS\LRS-100-SPEC.pdf","LRS-100","6","LRS-100.jpg; LRS-100-12.jpg; LRS-100-24.jpg; LRS-100-36.jpg; LRS-100-48.jpg; LRS-100-5.jpg"
"EPS\LRS\LRS-1200-spec.pdf","LRS-1200","5","LRS-1200.jpg; LRS-1200-12.jpg; LRS-1200-24.jpg; LRS-1200-36.jpg; LRS-1200-48.jpg"
"EPS\LRS\LRS-150F-spec.pdf","LRS-150F","6","LRS-150F.jpg; LRS-150F-12.jpg; LRS-150F-15.jpg; LRS-150F-24.jpg; LRS-150F-36.jpg; LRS-150F-5.jpg"
"EPS\LRS\LRS-150-SPEC.pdf","LRS-150","6","LRS-150.jpg; LRS-150-12.jpg; LRS-150-15.jpg; LRS-150-24.jpg; LRS-150-36.jpg; LRS-150-48.jpg"
"EPS\LRS\LRS-200-SPEC.pdf","LRS-200","7","LRS-200.jpg; LRS-200-12.jpg; LRS-200-15.jpg; LRS-200-24.jpg; LRS-200-36.jpg; LRS-200-48.jpg; LRS-200-5.jpg"
"EPS\LRS\LRS-350-SPEC.pdf","LRS-350","6","LRS-350.jpg; LRS-350-12.jpg; LRS-350-15.jpg; LRS-350-24.jpg; LRS-350-48.jpg; LRS-350-5.jpg"
"EPS\LRS\LRS-35-SPEC.pdf","LRS-35","7","LRS-35.jpg; LRS-35-12.jpg; LRS-35-15.jpg; LRS-35-24.jpg; LRS-35-36.jpg; LRS-35-48.jpg; LRS-35-5.jpg"
"EPS\LRS\LRS-450-spec.pdf","LRS-450","7","LRS-450.jpg; LRS-450-12.jpg; LRS-450-15.jpg; LRS-450-24.jpg; LRS-450-36.jpg; LRS-450-48.jpg; LRS-450-5.jpg"
"EPS\LRS\LRS-50-SPEC.pdf","LRS-50","8","LRS-50.jpg; LRS-50-12.jpg; LRS-50-15.jpg; LRS-50-24.jpg; LRS-50-3.3.jpg; LRS-50-36.jpg; LRS-50-48.jpg; LRS-50-5.jpg"
"EPS\LRS\LRS-75-SPEC.pdf","LRS-75","3","LRS-75.jpg; LRS-75-15.jpg; LRS-75-36.jpg"
"EPS\MSP\MSP-1000-spec.pdf","MSP-1000","0",""
"EPS\MSP\MSP-100-SPEC.pdf","MSP-100","2","MSP-100.jpg; MSP-100-24.jpg"
"EPS\MSP\MSP-200-SPEC.pdf","MSP-200","0",""
"EPS\MSP\MSP-300-SPEC.pdf","MSP-300","4","MSP-300.jpg; MSP-300-12.jpg; MSP-300-24.jpg; MSP-300-36.jpg"
"EPS\MSP\MSP-450-SPEC.pdf","MSP-450","3","MSP-450.jpg; MSP-450-24.jpg; MSP-450-48.jpg"
"EPS\MSP\MSP-600-SPEC.pdf","MSP-600","0",""
"EPS\PSP\PSP-600-SPEC.pdf","PSP-600","1","PSP-600.jpg"
"EPS\PSP\PSPA-1000-spec.pdf","PSPA-1000","0",""
"EPS\RD\RD-125-SPEC.pdf","RD-125","4","RD-125.jpg; RD-125-2448.jpg; RD-125A.jpg; RD-125B.jpg"
"EPS\RD\RD-35-SPEC.pdf","RD-35","3","RD-35.jpg; RD-35A.jpg; RD-35B.jpg"
"EPS\RD\RD-50-SPEC.pdf","RD-50","3","RD-50.jpg; RD-50A.jpg; RD-50B.jpg"
"EPS\RD\RD-65-SPEC.pdf","RD-65","3","RD-65.jpg; RD-65A.jpg; RD-65B.jpg"
"EPS\RD\RD-85-SPEC.pdf","RD-85","3","RD-85.jpg; RD-85A.jpg; RD-85B.jpg"
"EPS\RD\RID-125-SPEC.pdf","RID-125","2","RID-125.jpg; RID-125-2405.jpg"
"EPS\RD\RID-50-spec.pdf","RID-50","0",""
"EPS\RD\RID-65-SPEC.pdf","RID-65","0",""
"EPS\RD\RID-85-SPEC.pdf","RID-85","0",""
"EPS\RPS\RPS-120-SPEC.pdf","RPS-120","7","RPS-120.jpg; RPS-120-12.jpg; RPS-120-12-C.jpg; RPS-120-15.jpg; RPS-120-24.jpg; RPS-120-C.jpg; X - RPS-120-15.jpg"
"EPS\RPS\RPS-120S-spec.pdf","RPS-120S","0",""
"EPS\RPS\RPS-200-SPEC.pdf","RPS-200","5","RPS-200.jpg; RPS-200-12.jpg; RPS-200-24.jpg; RPS-200-27.jpg; RPS-200-48.jpg"
"EPS\RPS\RPS-300-SPEC.pdf","RPS-300","0",""
"EPS\RPS\RPS-400-SPEC.pdf","RPS-400","0",""
"EPS\RPS\RPS-45-SPEC.pdf","RPS-45","2","RPS-45.jpg; RPS-45-5.jpg"
"EPS\RPS\RPS-500-spec.pdf","RPS-500","0",""
"EPS\RPS\RPS-60-SPEC.pdf","RPS-60","0",""
"EPS\RPS\RPS-65-SPEC.pdf","RPS-65","3","RPS-65.jpg; RPS-65-12.jpg; RPS-65-5.jpg"
"EPS\RPS\RPS-75-SPEC.pdf","RPS-75","5","RPS-75.jpg; RPS-75-12.jpg; RPS-75-24.jpg; RPS-75-48.jpg; RPS-75-5.jpg"
"EPS\RS\RS-100-SPEC.pdf","RS-100","1","RS-100.jpg"
"EPS\RS\RS-150-SPEC.pdf","RS-150","3","RS-150.jpg; RS-150-12.jpg; RS-150-5.jpg"
"EPS\RS\RS-15-SPEC.pdf","RS-15","6","RS-15.jpg; RS-15-12.jpg; RS-15-15.jpg; RS-15-24.jpg; RS-15-3.3.jpg; RS-15-5.jpg"
"EPS\RS\RS-25-SPEC.pdf","RS-25","3","RS-25.jpg; RS-25-15.jpg; RS-25-48.jpg"
"EPS\RS\RS-35-SPEC.pdf","RS-35","0",""
"EPS\RS\RS-50-SPEC.pdf","RS-50","4","RS-50.jpg; RS-50-15.jpg; RS-50-3.3.jpg; RS-50-5.jpg"
"EPS\RS\RS-75-SPEC.pdf","RS-75","2","RS-75.jpg; RS-75-12.jpg"
"EPS\RSP\PSP-600-SPEC.pdf","PSP-600","1","PSP-600.jpg"
"EPS\RSP\RSP-1000-SPEC.pdf","RSP-1000","2","RSP-1000.jpg; RSP-1000-36.jpg"
"EPS\RSP\RSP-100-SPEC.pdf","RSP-100","4","RSP-100.jpg; RSP-100-12.jpg; RSP-100-24.jpg; RSP-100-5.jpg"
"EPS\RSP\RSP-1500-SPEC.pdf","RSP-1500","0",""
"EPS\RSP\RSP-150-SPEC.pdf","RSP-150","2","RSP-150.jpg; RSP-150-15.jpg"
"EPS\RSP\RSP-1600-SPEC.pdf","RSP-1600","0",""
"EPS\RSP\RSP-2000-SPEC.pdf","RSP-2000","2","RSP-2000.jpg; RSP-2000-36.jpg"
"EPS\RSP\RSP-200-SPEC.pdf","RSP-200","1","RSP-200.jpg"
"EPS\RSP\RSP-2400-SPEC.pdf","RSP-2400","3","RSP-2400.jpg; RSP-2400-36.jpg; RSP-2400-48.jpg"
"EPS\RSP\RSP-3000-SPEC.pdf","RSP-3000","0",""
"EPS\RSP\RSP-320-SPEC.pdf","RSP-320","4","RSP-320.jpg; RSP-320-15.jpg; RSP-320-48.jpg; RSP-320-5.jpg"
"EPS\RSP\RSP-500-spec.pdf","RSP-500","0",""
"EPS\RSP\RSP-750-SPEC.pdf","RSP-750","1","RSP-750.jpg"
"EPS\RSP\RSP-75-SPEC.pdf","RSP-75","3","RSP-75.jpg; RSP-75-24.jpg; RSP-75-5.jpg"
"EPS\SDR\SDR-120-SPEC.pdf","SDR-120","0",""
"EPS\SDR\SDR-240-SPEC.pdf","SDR-240","0",""
"EPS\SDR\SDR-480P-spec.pdf","SDR-480P","0",""
"EPS\SDR\SDR-480-SPEC.pdf","SDR-480","2","SDR-480.jpg; SDR-480-48.jpg"
"EPS\SDR\SDR-75-SPEC.pdf","SDR-75","0",""
"EPS\SDR\SDR-960-SPEC.pdf","SDR-960","2","SDR-960.jpg; SDR-960-48.jpg"
"EPS\TDR\TDR-240-spec.pdf","TDR-240","2","TDR-240.jpg; TDR-240-48.jpg"
"EPS\TDR\TDR-480-SPEC.pdf","TDR-480","2","TDR-480.jpg; TDR-480-48.jpg"
"EPS\TDR\TDR-960-SPEC.pdf","TDR-960","2","TDR-960.jpg; TDR-960-48.jpg"
"EPS\WDR\WDR-120-SPEC.pdf","WDR-120","3","WDR-120.jpg; WDR-120-12.jpg; WDR-120-48.jpg"
"EPS\WDR\WDR-240-SPEC.pdf","WDR-240","2","WDR-240.jpg; WDR-240-48.jpg"
"EPS\WDR\WDR-480-SPEC.pdf","WDR-480","2","WDR-480.jpg; WDR-480-48.jpg"
"EPS\WDR\WDR-60-spec.pdf","WDR-60","4","WDR-60.jpg; WDR-60-24.jpg; WDR-60-48.jpg; WDR-60-5.jpg"
"EPS\XDR\XDR-120E-spec.pdf","XDR-120E","0",""
"EPS\XDR\XDR-150E-spec.pdf","XDR-150E","0",""
"EPS\XDR\XDR-240E-spec.pdf","XDR-240E","0",""
"EPS\XDR\XDR-480E-spec.pdf","XDR-480E","0",""
"EPS\XDR\XDR-75E-spec.pdf","XDR-75E","0",""
"EPS\XDR\XDR-960E-spec.pdf","XDR-960E","0",""
"ERDN\ERDN20-spec.pdf","ERDN20","2","ERDN20.jpg; ERDN20-24.jpg"
"ERDN\ERDN40-spec.pdf","ERDN40","2","ERDN40.jpg; ERDN40-24.jpg"
"GST\GST280A-SPEC.pdf","GST280A","2","GST280A.jpg; GST280A24-C6P.jpg"
"GST\GST360A-spec.pdf","GST360A","2","GST360A.jpg; GST360A48-C6P.jpg"
"GST\GST60A-SPEC.pdf","GST60A","2","GST60A24.jpg; GST60A24-P1J.jpg"
"HDR\HDR-100-spec.pdf","HDR-100","5","HDR-100.jpg; HDR-100-12.jpg; HDR-100-15.jpg; HDR-100-24.jpg; HDR-100-48.jpg"
"HDR\HDR-150-spec.pdf","HDR-150","5","HDR-150.jpg; HDR-150-12.jpg; HDR-150-15.jpg; HDR-150-24.jpg; HDR-150-48.jpg"
"HDR\HDR-15-SPEC.pdf","HDR-15","5","HDR-15.jpg; HDR-15-12.jpg; HDR-15-15.jpg; HDR-15-24.jpg; HDR-15-5.jpg"
"HDR\HDR-30-SPEC.pdf","HDR-30","6","HDR-30.jpg; HDR-30-12.jpg; HDR-30-15.jpg; HDR-30-24.jpg; HDR-30-48.jpg; HDR-30-5.jpg"
"HDR\HDR-60-SPEC.pdf","HDR-60","6","HDR-60.jpg; HDR-60-12.jpg; HDR-60-15.jpg; HDR-60-24.jpg; HDR-60-48.jpg; HDR-60-5.jpg"
"HLG\HLG-100H-SPEC.pdf","HLG-100H","0",""
"HLG\HLG-120H-SPEC.pdf","HLG-120H","4","HLG-120H.jpg; HLG-120H-12A.jpg; HLG-120H-15A.jpg; HLG-120H-48B.jpg"
"HLG\HLG-150H-SPEC.pdf","HLG-150H","6","HLG-150H.jpg; HLG-150H-24A.jpg; HLG-150H-30.jpg; HLG-150H-30A.jpg; HLG-150H-36A.jpg; HLG-150H-48B.jpg"
"HLG\HLG-185H-SPEC.pdf","HLG-185H","6","HLG-185H.jpg; HLG-185H-24.jpg; HLG-185H-24A.jpg; HLG-185H-36.jpg; HLG-185H-36A.jpg; HLG-185H-48B.jpg"
"HLG\HLG-240H-spec.pdf","HLG-240H","3","HLG-240H.jpg; HLG-240H-24A.jpg; HLG-240H-36A.jpg"
"HLG\HLG-320H-SPEC.pdf","HLG-320H","2","HLG-320H.jpg; HLG-320H-30A.jpg"
"HLG\HLG-40H-SPEC.pdf","HLG-40H","2","HLG-40H.jpg; HLG-40H-24.jpg"
"HLG\HLG-480H-spec.pdf","HLG-480H","0",""
"HLG\HLG-600H-SPEC.pdf","HLG-600H","4","HLG-600H.jpg; HLG-600H-24A.jpg; HLG-600H-48A.jpg; HLG-600H-54AB.jpg"
"HLG\HLG-60H-SPEC.pdf","HLG-60H","4","HLG-60H.jpg; HLG-60H-12.jpg; HLG-60H-36.jpg; HLG-60H-36A.jpg"
"HLG\HLG-80H-SPEC.pdf","HLG-80H","2","HLG-80H.jpg; HLG-80H-12.jpg"
"HRP\HRP-100-SPEC.pdf","HRP-100","3","HRP-100.jpg; HRP-100-15.jpg; HRP-100-24.jpg"
"HRP\HRP-150-SPEC.pdf","HRP-150","3","HRP-150.jpg; HRP-150-15.jpg; HRP-150-24.jpg"
"HRP\HRP-200-SPEC.pdf","HRP-200","3","HRP-200.jpg; HRP-200-12.jpg; HRP-200-24.jpg"
"HRP\HRP-300-SPEC.pdf","HRP-300","4","HRP-300.jpg; HRP-300-12.jpg; HRP-300-15.jpg; HRP-300-24.jpg"
"HRP\HRP-450-SPEC.pdf","HRP-450","2","HRP-450.jpg; HRP-450-24.jpg"
"HRP\HRP-600-SPEC.pdf","HRP-600","4","HRP-600.jpg; HRP-600-15.jpg; HRP-600-24.jpg; HRP-600-48.jpg"
"HRP\HRP-75-SPEC.pdf","HRP-75","3","HRP-75.jpg; HRP-75-24.jpg; HRP-75-5.jpg"
"HRPG\HRPG-1000-spec.pdf","HRPG-1000","4","HRPG-1000.jpg; HRPG-1000-12.jpg; HRPG-1000-24.jpg; HRPG-1000-48.jpg"
"HRPG\HRPG-150-SPEC.pdf","HRPG-150","2","HRPG-150.jpg; HRPG-150-5.jpg"
"HRPG\HRPG-200-SPEC.pdf","HRPG-200","0",""
"HRPG\HRPG-300-SPEC.pdf","HRPG-300","0",""
"HRPG\HRPG-450-SPEC.pdf","HRPG-450","0",""
"HRPG\HRPG-600-SPEC.pdf","HRPG-600","0",""
"HVGC\HVGC-650-spec.pdf","HVGC-650","2","HVGC-650.jpg; HVGC-650-U-AB.jpg"
"IRM\IRM-01-SPEC.pdf","IRM-01","2","IRM-01.jpg; IRM-01-12.jpg"
"IRM\IRM-02-SPEC.pdf","IRM-02","2","IRM-02.jpg; IRM-02-5.jpg"
"IRM\IRM-03-SPEC.pdf","IRM-03","4","IRM-03.jpg; IRM-03-12.jpg; IRM-03-15.jpg; IRM-03-5.jpg"
"IRM\IRM-05-SPEC.pdf","IRM-05","3","IRM-05.jpg; IRM-05-12.jpg; IRM-05-5.jpg"
"IRM\IRM-10-SPEC.pdf","IRM-10","5","IRM-10.jpg; IRM-10-12.jpg; IRM-10-15.jpg; IRM-10-24.jpg; IRM-10-5.jpg"
"IRM\IRM-15-SPEC.pdf","IRM-15","2","IRM-15.jpg; IRM-15-12.jpg"
"IRM\IRM-20-SPEC.pdf","IRM-20","3","IRM-20.jpg; IRM-20-12.jpg; IRM-20-24.jpg"
"IRM\IRM-30-SPEC.pdf","IRM-30","4","IRM-30.jpg; IRM-30-12.jpg; IRM-30-24.jpg; IRM-30-5.jpg"
"IRM\IRM-45-SPEC.pdf","IRM-45","2","IRM-45.jpg; IRM-45-12ST.jpg"
"IRM\IRM-60-SPEC.pdf","IRM-60","3","IRM-60.jpg; IRM-60-12.jpg; IRM-60-24.jpg"
"IRM\IRM-90-spec.pdf","IRM-90","0",""
"LOP\LOP-200-spec.pdf","LOP-200","4","LOP-200.jpg; LOP-200-12.jpg; LOP-200-15.jpg; LOP-200-24.jpg"
"LOP\LOP-300-spec.pdf","LOP-300","4","LOP-300.jpg; LOP-300-12.jpg; LOP-300-24.jpg; LOP-300-48.jpg"
"LOP\LOP-400-spec.pdf","LOP-400","3","LOP-400.jpg; LOP-400-12.jpg; LOP-400-24.jpg"
"LOP\LOP-500-spec.pdf","LOP-500","3","LOP-500.jpg; LOP-500-12.jpg; LOP-500-24.jpg"
"LOP\LOP-600-spec.pdf","LOP-600","3","LOP-600.jpg; LOP-600-24.jpg; LOP-600-48.jpg"
"LPH\LPH-18-SPEC.pdf","LPH-18","2","LPH-18.jpg; LPH-18-24.jpg"
"LRS\LRS-100-SPEC.pdf","LRS-100","6","LRS-100.jpg; LRS-100-12.jpg; LRS-100-24.jpg; LRS-100-36.jpg; LRS-100-48.jpg; LRS-100-5.jpg"
"LRS\LRS-1200-spec.pdf","LRS-1200","5","LRS-1200.jpg; LRS-1200-12.jpg; LRS-1200-24.jpg; LRS-1200-36.jpg; LRS-1200-48.jpg"
"LRS\LRS-150F-spec.pdf","LRS-150F","6","LRS-150F.jpg; LRS-150F-12.jpg; LRS-150F-15.jpg; LRS-150F-24.jpg; LRS-150F-36.jpg; LRS-150F-5.jpg"
"LRS\LRS-150-SPEC.pdf","LRS-150","6","LRS-150.jpg; LRS-150-12.jpg; LRS-150-15.jpg; LRS-150-24.jpg; LRS-150-36.jpg; LRS-150-48.jpg"
"LRS\LRS-200-SPEC.pdf","LRS-200","7","LRS-200.jpg; LRS-200-12.jpg; LRS-200-15.jpg; LRS-200-24.jpg; LRS-200-36.jpg; LRS-200-48.jpg; LRS-200-5.jpg"
"LRS\LRS-350-SPEC.pdf","LRS-350","6","LRS-350.jpg; LRS-350-12.jpg; LRS-350-15.jpg; LRS-350-24.jpg; LRS-350-48.jpg; LRS-350-5.jpg"
"LRS\LRS-35-SPEC.pdf","LRS-35","7","LRS-35.jpg; LRS-35-12.jpg; LRS-35-15.jpg; LRS-35-24.jpg; LRS-35-36.jpg; LRS-35-48.jpg; LRS-35-5.jpg"
"LRS\LRS-450-spec.pdf","LRS-450","7","LRS-450.jpg; LRS-450-12.jpg; LRS-450-15.jpg; LRS-450-24.jpg; LRS-450-36.jpg; LRS-450-48.jpg; LRS-450-5.jpg"
"LRS\LRS-50-SPEC.pdf","LRS-50","8","LRS-50.jpg; LRS-50-12.jpg; LRS-50-15.jpg; LRS-50-24.jpg; LRS-50-3.3.jpg; LRS-50-36.jpg; LRS-50-48.jpg; LRS-50-5.jpg"
"LRS\LRS-600-spec.pdf","LRS-600","3","LRS-600.jpg; LRS-600-15.jpg; LRS-600-27.jpg"
"LRS\LRS-75-SPEC.pdf","LRS-75","3","LRS-75.jpg; LRS-75-15.jpg; LRS-75-36.jpg"
"MDR\MDR-100-SPEC.pdf","MDR-100","3","MDR-100.jpg; MDR-100-12.jpg; MDR-100-48.jpg"
"MDR\MDR-10-SPEC.pdf","MDR-10","2","MDR-10.jpg; MDR-10-15.jpg"
"MDR\MDR-20-SPEC.pdf","MDR-20","2","MDR-20.jpg; MDR-20-15.jpg"
"MDR\MDR-40-SPEC.pdf","MDR-40","2","MDR-40.jpg; MDR-40-48.jpg"
"MDR\MDR-60-SPEC.pdf","MDR-60","2","MDR-60.jpg; MDR-60-48.jpg"
"MFM\MFM-05-spec.pdf","MFM-05","3","MFM-05.jpg; MFM-05-12.jpg; MFM-05-5.jpg"
"MFM\MFM-15-spec.pdf","MFM-15","2","MFM-15.jpg; MFM-15-15.jpg"
"MFM\MFM-20-spec.pdf","MFM-20","2","MFM-20.jpg; MFM-20-12.jpg"
"MFM\MFM-30-spec.pdf","MFM-30","2","MFM-30.jpg; MFM-30-5.jpg"
"MSP\MSP-1000-spec.pdf","MSP-1000","0",""
"MSP\MSP-100-SPEC.pdf","MSP-100","2","MSP-100.jpg; MSP-100-24.jpg"
"MSP\MSP-200-SPEC.pdf","MSP-200","0",""
"MSP\MSP-300-SPEC.pdf","MSP-300","4","MSP-300.jpg; MSP-300-12.jpg; MSP-300-24.jpg; MSP-300-36.jpg"
"MSP\MSP-450-SPEC.pdf","MSP-450","3","MSP-450.jpg; MSP-450-24.jpg; MSP-450-48.jpg"
"MSP\MSP-600-SPEC.pdf","MSP-600","0",""
"NCP\NCP-3200-spec.pdf","NCP-3200","0",""
"NDR\NDR-120-SPEC.pdf","NDR-120","2","NDR-120.jpg; NDR-120-48.jpg"
"NDR\NDR-240-SPEC.pdf","NDR-240","1","NDR-240.jpg"
"NDR\NDR-480-SPEC.pdf","NDR-480","1","NDR-480.jpg"
"NDR\NDR-75-SPEC.pdf","NDR-75","2","NDR-75.jpg; NDR-75-48.jpg"
"NPB\NPB-450-spec.pdf","NPB-450","2","NPB-450.jpg; NPB-450-72.jpg"
"NPP\NPP-750-spec.pdf","NPP-750","2","NPP-750.jpg; NPP-750-48.jpg"
"NSP\NSP-100-spec.pdf","NSP-100","3","NSP-100.jpg; NSP-100-12.jpg; NSP-100-24.jpg"
"NSP\NSP-150-spec.pdf","NSP-150","3","NSP-150.jpg; NSP-150-12.jpg; NSP-150-24.jpg"
"NSP\NSP-1600-spec.pdf","NSP-1600","3","NSP-1600.jpg; NSP-1600-12.jpg; NSP-1600-24.jpg"
"NSP\NSP-200-spec.pdf","NSP-200","3","NSP-200.jpg; NSP-200-12.jpg; NSP-200-24.jpg"
"NSP\NSP-3200-spec.pdf","NSP-3200","3","NSP-3200.jpg; NSP-3200-24.jpg; NSP-3200-48.jpg"
"NSP\NSP-320-spec.pdf","NSP-320","3","NSP-320.jpg; NSP-320-12.jpg; NSP-320-24.jpg"
"NSP\NSP-500-spec.pdf","NSP-500","3","NSP-500.jpg; NSP-500-12.jpg; NSP-500-24.jpg"
"NSP\NSP-750-spec.pdf","NSP-750","3","NSP-750.jpg; NSP-750-12.jpg; NSP-750-24.jpg"
"NSP\NSP-75-spec.pdf","NSP-75","3","NSP-75.jpg; NSP-75-12.jpg; NSP-75-24.jpg"
"PD\PD-25-SPEC.pdf","PD-25","3","PD-25.jpg; PD-2505.jpg; PD-25A.jpg"
"PD\PD-45-SPEC.pdf","PD-45","0",""
"PD\PD-65-SPEC.pdf","PD-65","0",""
"PSP\PSP-600-SPEC.pdf","PSP-600","1","PSP-600.jpg"
"PSP\PSPA-1000-spec.pdf","PSPA-1000","0",""
"PT\PT-45-SPEC.pdf","PT-45","2","PT-45.jpg; PT-45C.jpg"
"RCP\RCP-2000-SPEC.pdf","RCP-2000","2","RCP-2000.jpg; RCP-2000-48.jpg"
"RD\RD-125-SPEC.pdf","RD-125","4","RD-125.jpg; RD-125-2448.jpg; RD-125A.jpg; RD-125B.jpg"
"RD\RD-35-SPEC.pdf","RD-35","3","RD-35.jpg; RD-35A.jpg; RD-35B.jpg"
"RD\RD-50-SPEC.pdf","RD-50","3","RD-50.jpg; RD-50A.jpg; RD-50B.jpg"
"RD\RD-65-SPEC.pdf","RD-65","3","RD-65.jpg; RD-65A.jpg; RD-65B.jpg"
"RD\RD-85-SPEC.pdf","RD-85","3","RD-85.jpg; RD-85A.jpg; RD-85B.jpg"
"RD\RID-125-SPEC.pdf","RID-125","2","RID-125.jpg; RID-125-2405.jpg"
"RD\RID-50-spec.pdf","RID-50","0",""
"RD\RID-65-SPEC.pdf","RID-65","0",""
"RD\RID-85-SPEC.pdf","RID-85","0",""
"RKP\RKP-1U RACK SYSTEM-spec.pdf","RKP-1U RACK SYSTEM | RKP-1U","1","RKP-1UT.jpg"
"RPD\RPD-60-SPEC.pdf","RPD-60","2","RPD-60.jpg; RPD-60A.jpg"
"RPS\RPS-120-SPEC.pdf","RPS-120","7","RPS-120.jpg; RPS-120-12.jpg; RPS-120-12-C.jpg; RPS-120-15.jpg; RPS-120-24.jpg; RPS-120-C.jpg; X - RPS-120-15.jpg"
"RPS\RPS-120S-spec.pdf","RPS-120S","0",""
"RPS\RPS-160-spec.pdf","RPS-160","2","RPS-160.jpg; RPS-160-12.jpg"
"RPS\RPS-200-SPEC.pdf","RPS-200","5","RPS-200.jpg; RPS-200-12.jpg; RPS-200-24.jpg; RPS-200-27.jpg; RPS-200-48.jpg"
"RPS\RPS-300-SPEC.pdf","RPS-300","0",""
"RPS\RPS-400-SPEC.pdf","RPS-400","0",""
"RPS\RPS-45-SPEC.pdf","RPS-45","2","RPS-45.jpg; RPS-45-5.jpg"
"RPS\RPS-500-spec.pdf","RPS-500","0",""
"RPS\RPS-60-SPEC.pdf","RPS-60","0",""
"RPS\RPS-65-SPEC.pdf","RPS-65","3","RPS-65.jpg; RPS-65-12.jpg; RPS-65-5.jpg"
"RPS\RPS-75-SPEC.pdf","RPS-75","5","RPS-75.jpg; RPS-75-12.jpg; RPS-75-24.jpg; RPS-75-48.jpg; RPS-75-5.jpg"
"RQ\RQ-50-spec.pdf","RQ-50","2","RQ-50.jpg; RQ-50C.jpg"
"RS\RS-100-SPEC.pdf","RS-100","1","RS-100.jpg"
"RS\RS-150-SPEC.pdf","RS-150","3","RS-150.jpg; RS-150-12.jpg; RS-150-5.jpg"
"RS\RS-15-SPEC.pdf","RS-15","6","RS-15.jpg; RS-15-12.jpg; RS-15-15.jpg; RS-15-24.jpg; RS-15-3.3.jpg; RS-15-5.jpg"
"RS\RS-25-SPEC.pdf","RS-25","3","RS-25.jpg; RS-25-15.jpg; RS-25-48.jpg"
"RS\RS-35-SPEC.pdf","RS-35","0",""
"RS\RS-50-SPEC.pdf","RS-50","4","RS-50.jpg; RS-50-15.jpg; RS-50-3.3.jpg; RS-50-5.jpg"
"RS\RS-75-SPEC.pdf","RS-75","2","RS-75.jpg; RS-75-12.jpg"
"RSD\RSD-150-SPEC.pdf","RSD-150","2","RSD-150B.jpg; RSD-150B-24.jpg"
"RSD\RSD-200-SPEC.pdf","RSD-200","3","RSD-200B.jpg; RSD-200B-12.jpg; RSD-200B-24.jpg"
"RSD\RSD-30-spec.pdf","RSD-30","2","RSD-30.jpg; RSD-30G-12.jpg"
"RSD\RSD-60-spec.pdf","RSD-60","3","RSD-60G-12.jpg; RSD-60H.jpg; RSD-60H-12.jpg"
"RSDW\RSDW20,RDDW20-spec.pdf","RSDW20 | RDDW20","2","RSDW20.jpg; RSDW20H-05.jpg"
"RSP\PSP-600-SPEC.pdf","PSP-600","1","PSP-600.jpg"
"RSP\RSP-1000-SPEC.pdf","RSP-1000","2","RSP-1000.jpg; RSP-1000-36.jpg"
"RSP\RSP-100-SPEC.pdf","RSP-100","4","RSP-100.jpg; RSP-100-12.jpg; RSP-100-24.jpg; RSP-100-5.jpg"
"RSP\RSP-1500-SPEC.pdf","RSP-1500","0",""
"RSP\RSP-150-SPEC.pdf","RSP-150","2","RSP-150.jpg; RSP-150-15.jpg"
"RSP\RSP-1600-SPEC.pdf","RSP-1600","0",""
"RSP\RSP-2000-SPEC.pdf","RSP-2000","2","RSP-2000.jpg; RSP-2000-36.jpg"
"RSP\RSP-200-SPEC.pdf","RSP-200","1","RSP-200.jpg"
"RSP\RSP-2400-SPEC.pdf","RSP-2400","3","RSP-2400.jpg; RSP-2400-36.jpg; RSP-2400-48.jpg"
"RSP\RSP-3000-SPEC.pdf","RSP-3000","0",""
"RSP\RSP-320-SPEC.pdf","RSP-320","4","RSP-320.jpg; RSP-320-15.jpg; RSP-320-48.jpg; RSP-320-5.jpg"
"RSP\RSP-500-spec.pdf","RSP-500","0",""
"RSP\RSP-750-SPEC.pdf","RSP-750","1","RSP-750.jpg"
"RSP\RSP-75-SPEC.pdf","RSP-75","3","RSP-75.jpg; RSP-75-24.jpg; RSP-75-5.jpg"
"RST\RST-5000-SPEC.pdf","RST-5000","2","RST-5000.jpg; RST-5000-24.jpg"
"RST\RST-7K5-HV-spec.pdf","RST-7K5-HV","0",""
"RT\RT-125-SPEC.pdf","RT-125","0",""
"RT\RT-50-SPEC.pdf","RT-50","0",""
"RT\RT-65-SPEC.pdf","RT-65","0",""
"RT\RT-85-SPEC.pdf","RT-85","0",""
"SBTN01\SBTN01-N-spec.pdf","SBTN01-N | SBTN01","2","SBTN01.jpg; SBTN01L-05N.jpg"
"SD\SD-150-SPEC.pdf","SD-150","2","SD-150.jpg; SD-150C-24.jpg"
"SD\SD-200-SPEC.pdf","SD-200","2","SD-200.jpg; SD-200C-24.jpg"
"SD\SD-25-SPEC.pdf","SD-25","3","SD-25.jpg; SD-25B-12.jpg; SD-25B-24.jpg"
"SD\SD-50-SPEC.pdf","SD-50","3","SD-50.jpg; SD-50B-12.jpg; SD-50B-24.jpg"
"SDR\SDR-120-SPEC.pdf","SDR-120","0",""
"SDR\SDR-240-SPEC.pdf","SDR-240","0",""
"SDR\SDR-480P-spec.pdf","SDR-480P","0",""
"SDR\SDR-480-SPEC.pdf","SDR-480","2","SDR-480.jpg; SDR-480-48.jpg"
"SDR\SDR-75-SPEC.pdf","SDR-75","0",""
"SDR\SDR-960-SPEC.pdf","SDR-960","2","SDR-960.jpg; SDR-960-48.jpg"
"SE\SE-1000-SPEC.pdf","SE-1000","3","SE-1000.jpg; se-1000-24.jpg; SE-1000-48.jpg"
"SE\SE-1500-SPEC.pdf","SE-1500","2","SE-1500.jpg; SE-1500-48.jpg"
"SE\SE-450-SPEC.pdf","SE-450","0",""
"SE\SE-600-SPEC.pdf","SE-600","0",""
"SPAN02,DPAN02\SPAN02,DPAN02-spec.pdf","SPAN02 | DPAN02","2","SPAN02.jpg; SPAN02A-15.jpg"
"SPRN\SPRN01,DPRN01-spec.pdf","SPRN01 | DPRN01","2","SPRN01.jpg; SPRN01N-5.jpg"
"SPUN02, DPUN02\SPUN02,DPUN02-spec.pdf","SPUN02 | DPUN02","6","DPUN02L-15.jpg; DPUN02L-15_1.jpg; SPUN02.jpg; SPUN02L-05.jpg; SPUN02L-15.jpg; SPUN02N-05.jpg"
"TDR\TDR-240-spec.pdf","TDR-240","2","TDR-240.jpg; TDR-240-48.jpg"
"TDR\TDR-480-SPEC.pdf","TDR-480","2","TDR-480.jpg; TDR-480-48.jpg"
"TDR\TDR-960-SPEC.pdf","TDR-960","2","TDR-960.jpg; TDR-960-48.jpg"
"UHP\UHP-1500-spec.pdf","UHP-1500","2","UHP-1500.jpg; UHP-1500-48.jpg"
"UHP\UHP-200-spec.pdf","UHP-200","2","UHP-200.jpg; UHP-200-12.jpg"
"UHP\UHP-350-spec.pdf","UHP-350","3","UHP-350.jpg; UHP-350-24.jpg; UHP-350-36.jpg"
"WDR\WDR-120-SPEC.pdf","WDR-120","3","WDR-120.jpg; WDR-120-12.jpg; WDR-120-48.jpg"
"WDR\WDR-240-SPEC.pdf","WDR-240","2","WDR-240.jpg; WDR-240-48.jpg"
"WDR\WDR-480-SPEC.pdf","WDR-480","2","WDR-480.jpg; WDR-480-48.jpg"
"WDR\WDR-60-spec.pdf","WDR-60","4","WDR-60.jpg; WDR-60-24.jpg; WDR-60-48.jpg; WDR-60-5.jpg"
"XDR\E\XDR-120E-spec.pdf","XDR-120E","0",""
"XDR\E\XDR-150E-spec.pdf","XDR-150E","0",""
"XDR\E\XDR-240E-spec.pdf","XDR-240E","0",""
"XDR\E\XDR-480E-spec.pdf","XDR-480E","0",""
"XDR\E\XDR-75E-spec.pdf","XDR-75E","0",""
"XDR\E\XDR-960E-spec.pdf","XDR-960E","0",""
"XDR\XDR-120-spec.pdf","XDR-120","5","XDR-120-12.jpg; XDR-120-24.jpg; XDR-120-36.jpg; XDR-120-48.jpg; XDR-75, XDR-120.jpg"
"XDR\XDR-240-spec.pdf","XDR-240","5","XDR-240.jpg; XDR-240-12.jpg; XDR-240-24.jpg; XDR-240-36.jpg; XDR-240-48.jpg"
"XDR\XDR-480-spec.pdf","XDR-480","5","XDR-480.jpg; XDR-480-12.jpg; XDR-480-24.jpg; XDR-480-36.jpg; XDR-480-48.jpg"
"XDR\XDR-75-spec.pdf","XDR-75","5","XDR-75, XDR-120.jpg; XDR-75-12.jpg; XDR-75-24.jpg; XDR-75-36.jpg; XDR-75-48.jpg"
"XDR\XDR-960-spec.pdf","XDR-960","5","XDR-960.jpg; XDR-960-12.jpg; XDR-960-24.jpg; XDR-960-36.jpg; XDR-960-48.jpg"
"XLG\XLG-100-spec.pdf","XLG-100","2","XLG-100.jpg; XLG-100-L-AB.jpg"
"XLG\XLG-150-spec.pdf","XLG-150","3","XLG-150.jpg; XLG-150-24-A.jpg; XLG-150-L-AB.jpg"
"XLG\XLG-240-spec.pdf","XLG-240","2","XLG-240.jpg; XLG-240-M-AB.jpg"
"XLG\XLG-25-spec.pdf","XLG-25","2","XLG-25.jpg; XLG-25-A.jpg"
"XLG\XLG-320-spec.pdf","XLG-320","3","XLG-320.jpg; XLG-320-M-AB.jpg; XLG-320-V-A.jpg"
"XLG\XLG-50-spec.pdf","XLG-50","2","XLG-50.jpg; XLG-50-A.jpg"
"XLG\XLG-75-spec.pdf","XLG-75","2","XLG-75.jpg; XLG-75-24-A.jpg"
"XTR\XTR-240-spec.pdf","XTR-240","5","XTR-240.jpg; XTR-240-12.jpg; XTR-240-24.jpg; XTR-240-36.jpg; XTR-240-48.jpg"
"XTR\XTR-480-spec.pdf","XTR-480","5","XTR-480.jpg; XTR-480-12.jpg; XTR-480-24.jpg; XTR-480-36.jpg; XTR-480-48.jpg"
"XTR\XTR-960-spec.pdf","XTR-960","4","XTR-960.jpg; XTR-960-24.jpg; XTR-960-36.jpg; XTR-960-48.jpg"
